hours; total             ; analyzed         ; missing          ; relation_number ; proportion         ; rep               ; row_number ; weight_sum        ; relation_number 
0;0.17153063;0;0;0;0;              NULL ;1;0.208287194;1
0.25;238811.2436;23950.42272;38350.27384;23;0.10029018;0.384432664;9211;238811.2436;4006
0.5;470452.4955;34172.88487;28309.61211;43;0.072638333;0.546919322;15178;470452.4955;5629
0.75;766631.241;62892.11049;60568.07592;59;0.082036978;0.509412081;20556;766631.241;7232
1;1003490.956;122573.192;79855.68497;76;0.122146783;0.605512385;22589;1003490.956;7794
1.25;1249236.704;153574.6879;84761.04176;84;0.122934819;0.644362841;25484;1249236.704;8520
1.5;1543108.437;187615.8991;130296.4624;91;0.121583095;0.590149745;28939;1543108.437;9442
1.75;1858503.812;212284.4845;141457.6546;102;0.114223325;0.600110818;32798;1858503.812;10812
2;2129373.219;255954.0979;195844.1932;115;0.120201614;0.566522944;35732;2129373.219;11633
2.25;2302273.999;307980.9373;208405.5753;122;0.133772495;0.596415533;36889;2302273.999;11931
2.5;2536969.741;437281.1516;270761.1016;138;0.172363566;0.617591888;41076;2536969.741;12980
2.75;2764191.027;440757.6719;229917.3984;148;0.159452682;0.657185113;43844;2764191.027;13549
3;3010527.453;470866.931;241867.1629;176;0.156406789;0.66064881;49616;3010527.453;14387
3.25;3322921.777;511867.3868;357976.7607;187;0.154041359;0.588458735;52000;3322931.847;14999
3.5;3507856.669;570424.7979;427277.7481;201;0.162613485;0.57173834;53904;3507856.669;15441
3.75;3803248.578;612573.9507;427811.9972;214;0.161065978;0.58879491;55418;3803248.578;16012
4;4055549.524;659155.5679;470709.3424;218;0.162531752;0.583393255;56841;4055549.524;16316
4.25;4375292.557;718991.0178;556057.4985;232;0.164329815;0.563893066;59230;4375292.557;16814
4.5;4617551.278;771116.2553;584728.3239;239;0.166996793;0.568734992;60615;4617551.278;17061
4.75;4935056.716;801821.3617;596180.419;246;0.162474599;0.573548169;62591;4935056.716;17467
5;5188890.967;880025.6792;892586.6139;254;0.169598029;0.496456942;64361;5188891.31;17839
5.25;5486282.509;933848.8551;1075449.554;264;0.170215233;0.464763646;66222;5486282.509;18191
5.5;5766624.134;991165.5964;1170676.847;273;0.171879695;0.458481884;68248;5766624.134;18790
5.75;6066198.032;1057887.166;1207565.755;286;0.174390477;0.466964975;69354;6066198.032;18969
6;6317614.397;1099787.4;1234424.547;289;0.174082704;0.471160042;70691;6317614.397;19132
6.25;6597009.271;1123196.981;1285928.301;300;0.170258512;0.466226057;72117;6597009.271;19465
6.5;6925973.983;1202342.595;1276348.207;309;0.173599063;0.485071633;73682;6925973.983;19794
6.75;7269473.214;1242459.027;1385983.556;320;0.170914589;0.4726978;75545;7269473.214;20127
7;7482828.343;1278953.002;1562003.454;330;0.170918394;0.450183951;76740;7482828.343;20379
7.25;7769932.943;1324872.511;1597143.912;338;0.170512734;0.453410357;78518;7770136.878;20553
7.5;7988438.181;1427766.413;1632025.324;341;0.178729106;0.466622089;79712;7988438.181;20781
7.75;8252717.57;1516727.276;1896842.915;347;0.183785191;0.444322862;80921;8252717.57;20992
8;8436790.938;1541358.265;1973513.744;347;0.182694851;0.43852472;81620;8436790.938;21112
8.25;8770919.55;1623741.473;2046160.359;355;0.185127849;0.442448204;82689;8770936.753;21292
8.5;9027818.848;1659950.787;2114247.414;358;0.183870635;0.439815478;84505;9027818.848;21674
8.75;9351964.019;1727213.005;2192217.641;372;0.184689868;0.440679568;85642;9351964.019;21835
9;9577859.416;1764382.639;2733381.33;374;0.184214715;0.392279953;86302;9577859.416;21978
9.25;9902341.8;1824104.13;3446028.536;388;0.184209368;0.346121103;91130;9902997.802;22245
9.5;10184563.1;1884098.372;3521197.256;401;0.184995503;0.348565278;92830;10184563.1;22567
9.75;10483011.61;1930515.034;3447813.344;412;0.184156529;0.358943318;95290;10483287.86;22813
10;10822536.98;1988286.226;3417295.738;431;0.183717203;0.367820938;96802;10822536.98;23033
10.25;11181212.8;1989325.23;3421700.063;439;0.177916767;0.367642937;98621;11181212.8;23292
10.5;11532291.65;2016967.643;3496203.029;448;0.174897384;0.365845312;99962;11532291.7;23515
10.75;11989068.28;2084020.157;3743158.769;457;0.173826698;0.357637921;102137;11989068.28;24000
11;12451243.77;2200694.392;3921125.489;467;0.176744945;0.359483689;103472;12451243.77;24228
11.25;12890220.92;2312737.457;4014991.916;476;0.179417985;0.365492473;105790;12890220.92;24644
11.5;13353649.31;2382035.836;4311951.478;486;0.178380889;0.35584708;107390;13353649.31;24884
11.75;13924658.54;2451637.321;4142515.582;499;0.176064448;0.371789577;109838;13924658.91;25303
12;14364967.78;2530987.506;4233969.734;510;0.176191659;0.374132077;111224;14364967.78;25595
12.25;14799589.77;2654927.609;4442337.374;524;0.179391973;0.374077566;113504;14799595.82;26056
12.5;15277906.34;2738562.664;4591313.566;532;0.179249866;0.373616495;114860;15277906.34;26365
12.75;15756520.22;2819136.466;4884126.688;538;0.178918722;0.365966527;116044;15756551.89;26571
13;16195736.22;2891500.881;4852076.065;549;0.178534698;0.37340636;117533;16195736.22;26796
13.25;16605648.12;2976240.619;5073137.43;574;0.179230621;0.369747899;120033;16605648.12;26912
13.5;17068227.6;3075528.728;5403975.29;585;0.180190281;0.362701488;122995;17068360.55;27164
13.75;17679676.43;3503076.071;5678292.058;596;0.198141413;0.381541838;124628;17679676.43;27363
14;18209534.58;3610612.489;5946380.547;609;0.198281426;0.377797962;126500;18209534.58;27654
14.25;18821900.83;3709883.93;6474822.295;625;0.197104637;0.364260279;128993;18821900.83;28140
14.5;19392071.92;3542752.771;6502442.267;631;0.182690781;0.352681332;130538;19392071.92;28397
14.75;20082619.36;3940839.318;6826266.448;640;0.19623134;0.366007301;132945;20082619.36;28606
15;20621543.49;4142938.228;7626433.372;651;0.200903401;0.352010147;135323;20629190.45;28816
15.25;21265398.88;4250744.1;7927372.714;666;0.199890165;0.349047736;137787;21265717.21;29233
15.5;21876573.95;4395439.17;7932577.283;678;0.200919905;0.356540664;139735;21880656.28;29646
15.75;22280949.92;4465322.499;8209045.117;684;0.20040988;0.352311266;140853;22280949.92;29772
16;22813606.24;4251404.015;8280489.205;691;0.186353879;0.339246747;142061;22813606.24;29930
16.25;23431281.1;4716221.312;8474729.858;699;0.20127885;0.35753459;143951;23437319.63;30228
16.5;24145983.64;4949442.885;8485629.458;723;0.204979965;0.368397189;147538;24152022.18;30620
16.75;24706460.59;5023051.408;8666546.624;738;0.203309227;0.366924682;148974;24709621.44;30822
17;25340397.27;5169744.656;8949347.138;755;0.204011981;0.366152776;151515;25346435.81;31231
17.25;25944508.42;5267455.403;9098250.995;763;0.203027759;0.366668736;153041;25944508.42;31401
17.5;26541919.03;5416136.879;9403011.592;767;0.204059732;0.365482328;154926;26541919.03;31586
17.75;27101253.41;5542086.681;9614747.797;785;0.204495585;0.36564935;156888;27107291.94;31846
18;27745354.99;5596462.184;9824415.017;800;0.201708076;0.362914646;160142;27745354.99;32072
18.25;28343915.99;5702088.566;9798588.671;816;0.201175045;0.367860609;163887;28344327.22;32544
18.5;28994261.49;5985874.656;10061213.37;822;0.206450323;0.373019369;165127;29000300.74;32784
18.75;29598383.85;6152470.778;10329757.96;831;0.207865092;0.373279056;166296;29598384.01;32956
19;30222863.17;6312170.657;10135873.12;836;0.208854159;0.383764218;167709;30222863.42;33097
19.25;30839433.52;6407181.951;10127578.04;845;0.207759392;0.387497729;169493;30845472.05;33318
19.5;31553098.07;6585392.22;10799360.82;861;0.208708261;0.378802748;170697;31560129.53;33481
19.75;32202487.33;6767880.027;11097628.46;864;0.210166375;0.378823812;171753;32208620.77;33570
20;32864346.47;6911521.873;11474870.22;880;0.210304558;0.375904193;173284;32864346.47;33751
20.25;33561693.49;7063068.164;11480026.62;884;0.210450291;0.380900181;174748;33561700.64;33926
20.5;34146452.94;7170273.596;11532195.46;890;0.209985898;0.38338647;175951;34146452.94;34088
20.75;34718571.05;7132694.646;11512549.56;900;0.205443209;0.382547666;177245;34719032.58;34245
21;35321082.45;7175567.502;11667937.58;908;0.203152537;0.380797918;178450;35321082.45;34380
21.25;35881175.85;7356444.181;11681290.78;914;0.205022383;0.386413835;179452;35881486.34;34563
21.5;36567644.8;7511738.839;11950725.04;916;0.205420362;0.385960323;181078;36571715.99;34800
21.75;37159333.78;7639740.372;12209854.31;929;0.205594116;0.384881429;182653;37159334.36;34984
22;37588218.75;7711276.653;12321728.18;933;0.205151425;0.384928607;183559;37588219.52;35235
22.25;38112112.81;7823130.266;12631043.51;940;0.205266244;0.382471096;184606;38112112.81;35414
22.5;38541354.27;7931879.004;12847407.93;941;0.205801772;0.381720462;185418;38541354.27;35552
22.75;39119742.8;8031988.176;12802700.92;945;0.205318021;0.385510345;186149;39125859.78;35672
23;39726609.3;8168611.189;12875125.77;947;0.205620649;0.388173032;187121;39726609.3;35803
23.25;40312405.43;8285065.039;12809858.08;949;0.205521475;0.392751611;188613;40312405.43;35931
23.5;40843383.53;8286847.604;12946968.4;955;0.202893269;0.390266526;189136;40852755.06;36015
23.75;41424510;8637603.45;13475975.25;962;0.208514318;0.390601791;190019;41425982.82;36215
24;41987284.51;8655513.74;13674709.63;969;0.206146071;0.387614293;191008;41987607.64;36340
24.25;42592686.47;8863939.816;13724894.97;983;0.208109433;0.392403588;193443;42595517.08;36662
24.5;43080926.06;10068612.77;14142471.84;987;0.233713935;0.415867894;194524;43091450.22;36732
24.75;43437416.96;10064105.98;14216516.25;992;0.231692091;0.414491271;195184;43437416.96;36799
25;43988221.74;10189093.33;14445047.07;1004;0.231632308;0.41361676;196072;43988221.74;36936
25.25;44556807.38;10345716.81;14665477.74;1011;0.232191609;0.41364345;197175;44556807.38;37062
25.5;45044851.51;10450736.3;14556219.99;1015;0.232007343;0.417913167;197729;45052805.25;37138
25.75;45567250.69;10680288.81;14709091.78;1024;0.234385192;0.420659684;198509;45567250.69;37220
26;46085468.46;10775252.44;14801829.07;1027;0.233810197;0.421285456;199092;46085469.97;37273
26.25;46593865.67;10932057.45;15013814.9;1029;0.234624393;0.421340909;199658;46593899.05;37300
26.5;47153461.74;11117216.88;15293662.86;1044;0.235766717;0.420933229;201953;47153461.74;37573
26.75;47725206.31;11290279.14;15263759.3;1045;0.236568472;0.425181246;202831;47725206.31;37641
27;48164166.02;11363405.11;15585729.94;1049;0.235930694;0.421661218;203168;48164167.34;37690
27.25;48600929.9;11471361.5;15842641.83;1059;0.236031729;0.419980966;205004;48600929.9;37836
27.5;48953238.21;11550845.3;15829469.78;1059;0.235956716;0.421866778;205605;48957554.85;37865
27.75;49402094.97;11728701.33;15972592.23;1060;0.237413036;0.423399048;205982;49402094.97;37889
28;49925939.45;11933755.06;16053933.34;1073;0.239029154;0.426393023;207061;49925939.45;38040
28.25;50339713.91;12031611.87;16288911.68;1076;0.239008348;0.424837198;207542;50339755.09;38098
28.5;50851282.08;12138800.4;16278967;1079;0.238711787;0.427155316;208507;50851296.44;38216
28.75;51394104.19;12135147.5;16306567.18;1084;0.236119448;0.426667226;209572;51394104.19;38373
29;51917369.01;12182160.23;16499141.79;1089;0.234645177;0.424742232;210246;51917681.66;38439
29.25;52547974.03;12311137.36;16717382.67;1101;0.234283768;0.424104892;211357;52549319.71;38531
29.5;53082434.04;12332747.34;16761727.03;1108;0.232331986;0.42388624;213126;53082434.04;38713
29.75;53677795.02;12556984.6;17000424.46;1115;0.233932571;0.424833739;213889;53687854.85;38798
30;54257716;12722693.17;17261985.97;1122;0.234486339;0.424306464;214827;54257766.02;38858
30.25;54883460.82;12743943.86;17502043.58;1124;0.232200077;0.42134329;215299;54883462.39;38937
30.5;55455903.56;12862237.5;17572252.05;1125;0.231936308;0.422620445;216036;55458185.73;39018
30.75;55903197.32;12820296.84;17422852.81;1134;0.229330297;0.423907463;216619;55903519.46;39155
31;56542657.63;12946886.69;17573697.27;1137;0.22897556;0.424201801;217335;56542676.71;39298
31.25;57153213.69;13173595.16;17669217.56;1140;0.23049614;0.427120421;218211;57153213.69;39412
31.5;57751923.5;13283192.21;17776103.78;1144;0.230004326;0.427672031;219194;57751923.5;39533
31.75;58353265.98;13521215.28;17704038.98;1154;0.231713085;0.433021783;220216;58353815.82;39661
32;58972820.81;13645775.44;17816474.09;1157;0.231390923;0.433719001;220897;58972820.92;39741
32.25;59588148.42;13933458.48;17746896.26;1167;0.233829358;0.43981384;221986;59588148.42;39867
32.5;60163271.42;13951067.2;17773058.93;1172;0.231886779;0.439762064;222822;60163285.82;39926
32.75;60778187.01;14149678.61;17948391.89;1180;0.232808501;0.440826454;223978;60778187.01;40013
33;61378396.18;14386856.63;18184223.05;1181;0.234396099;0.44170647;224545;61378396.46;40116
33.25;62038930.1;14533827.92;18257423.81;1185;0.23426948;0.443222724;225493;62038930.1;40235
33.5;62738098.1;14596011.68;18081808;1187;0.232649891;0.446664185;226850;62739422.92;40365
33.75;63385566.51;14807166.84;19118020.78;1192;0.233604709;0.43646529;227976;63386335.45;40472
34;64006993.33;15060736.29;19283419.21;1194;0.235298293;0.438523995;229753;64013493.71;40585
34.25;64539658.31;15167766.5;19237379.45;1197;0.23501467;0.440857496;230437;64539658.31;40642
34.5;65153702.91;15323765.49;19381105.45;1201;0.235194084;0.441545094;231019;65153702.91;40725
34.75;65688453.67;15458281.59;19511958.45;1205;0.235327226;0.442041049;231524;65688682.56;40794
35;66277667.43;15598150.92;19495666.02;1213;0.235345502;0.44447006;232297;66277667.43;40872
35.25;66911284.15;15742415.37;19665344.55;1215;0.235272952;0.444603539;233053;66911405.82;40937
35.5;67573201.86;15784358.7;19754472.84;1216;0.23358903;0.444143997;233654;67573231.96;40979
35.75;68211065.77;15922577.36;19779478.07;1218;0.233431001;0.445984893;234352;68211084.73;41083
36;68847515.73;16061050.18;19796650.57;1220;0.233284382;0.447910765;235137;68853476.96;41134
36.25;69453360.61;16237168.1;19960267.42;1222;0.233785204;0.448572333;235683;69453416.37;41190
36.5;69982311.42;16344727.71;20029721.56;1222;0.233555128;0.449346397;236321;69982315.84;41245
36.75;70642907.92;16508449.94;20204696.17;1230;0.233688709;0.449660454;237911;70642965.12;41393
37;71250109.2;16608805.52;20411889.39;1231;0.233105685;0.448635704;238873;71250109.2;41464
37.25;71929928.85;16759315.95;20651175.12;1232;0.23299503;0.447984388;239951;71929957.79;41511
37.5;72562338.05;16931748.05;20847636.19;1232;0.233340718;0.448174273;240734;72562341.4;41599
37.75;73206818.02;17070077.49;21003351.63;1242;0.233176061;0.448346206;241446;73206818.02;41693
38;73835043.25;17215508.16;21293685.52;1243;0.233161754;0.447049302;241857;73835043.25;41738
38.25;74473963.22;17367884.29;21379721.17;1244;0.233207467;0.448231164;242423;74474073.08;41809
38.5;75123488.61;17525328.27;21368742.94;1249;0.233286933;0.450591253;243650;75127148.81;41942
38.75;75737955.72;17703082.48;21571006.07;1253;0.233741224;0.450757309;245542;75737955.72;42052
39;76383977.72;17656760.09;21619267.51;1255;0.231157903;0.449555649;246047;76390402.64;42108
39.25;76974576;17783706.78;21707082.13;1257;0.231033514;0.450325437;246431;76974700.76;42150
39.5;77611208.5;17936739.55;21510297.19;1258;0.231110169;0.454704359;246910;77611208.5;42199
39.75;78222548.2;18072665.54;21707082.7;1259;0.231041636;0.454318248;247362;78223949.39;42255
40;78877345.02;18203873.14;21938564.97;1263;0.230787093;0.453482001;247985;78877345.02;42348
40.25;79437785.72;18302873.7;22154242.28;1269;0.230405134;0.45240184;249057;79437785.72;42484
40.5;80069719.91;18425970.09;22340923.73;1278;0.230124073;0.451983665;249703;80069719.91;42595
40.75;80594906.4;18523527.68;22472021.16;1282;0.229834967;0.451842412;250123;80595290.87;42640
41;80956587.72;18592351.65;22645511.99;1282;0.229658292;0.450856325;250417;80956587.72;42674
41.25;81446096.06;18701846.61;22708081.9;1287;0.229622382;0.451627117;251198;81446152.73;42814
41.5;82072988.8;18838254.7;22816961.34;1292;0.229530507;0.452242396;251888;82073001.93;42900
41.75;82669735.73;18963301.95;22874517.83;1294;0.229386266;0.453257413;252253;82669741.47;42937
42;83245730.76;19087869.69;22994951.34;1297;0.229295479;0.453578663;252869;83245730.76;42981
42.25;83571293.52;19163419.88;23140332.81;1298;0.229306249;0.452995743;253104;83571632.52;43009
42.5;83669377.61;19187502.74;23162796.85;1299;0.229325271;0.453066517;253373;83669377.61;43029
42.75;83725150.16;19200570.45;23169005.35;1300;0.229328588;0.453168815;253451;83725150.16;43044
43;83753094.91;19205638.93;23181969.53;1300;0.229312588;0.453095601;253494;83753094.91;43046
43.25;84097437.86;19293027.96;23320317.79;1304;0.229412791;0.452746144;254174;84097437.86;43093
43.5;84756433.9;19422983.5;23550700.07;1305;0.229162349;0.451973903;254867;84756433.9;43139
43.75;85387544;19573258.88;23349541.41;1311;0.229228503;0.456010762;255308;85387544.37;43159
44;86006754.65;20236253.24;23598532.31;1316;0.23528679;0.461648277;256618;86006850.81;43218
44.25;86541206.18;20351623.93;23900696.24;1317;0.235166862;0.459899591;256938;86547178.51;43256
44.5;87233205.32;20516971.85;24188676.77;1323;0.235196813;0.458934665;257979;87233205.32;43385
44.75;87757656.71;20646879.92;24367624.8;1327;0.23527155;0.458671711;258403;87757656.71;43442
45;88200459.83;20748802.23;24419846.02;1330;0.235245964;0.459362922;258684;88200459.83;43467
45.25;88856378.2;20890147.38;24513101.48;1331;0.235100145;0.46010248;259695;88856439.99;43585
45.5;89414637.97;21003573.39;24614287.87;1333;0.234900838;0.460424334;260177;89414637.97;43628
45.75;89907520.37;21144495.74;24678991.8;1339;0.235180502;0.461433576;260722;89914659.26;43686
46;90485812.96;21280033.45;24294981.73;1341;0.235175358;0.466923233;261442;90485944.21;43766
46.25;91147706.22;21776509.86;24725146.88;1345;0.238914513;0.468295355;262322;91147706.22;43809
46.5;91707351.1;21919440.38;24681593.49;1347;0.239015086;0.470363822;263130;91707351.1;43868
46.75;92297816.52;22037963.19;24965521.62;1349;0.238770147;0.46885807;263618;92297816.52;43932
47;92859611.07;21840624.77;24835302.66;1354;0.235200477;0.467920532;264207;92864511.69;43970
47.25;93385665.47;22291835.47;25011649.92;1356;0.238707251;0.471251437;264635;93385665.47;44019
47.5;93973697.09;22455071.26;25273663.45;1361;0.2389506;0.470472796;265743;93973697.09;44147
47.75;94574009.73;22590392.65;25777136.23;1365;0.238864702;0.467056994;266139;94574009.73;44181
48;95212474.96;22703671.08;25920588.35;1368;0.238452693;0.466920655;266500;95215395.63;44238
48.25;95759872.68;22835608.23;25964769.43;1372;0.238467404;0.46793917;267126;95761358.84;44298
48.5;96369953.71;22984543.84;26029588.07;1373;0.238503216;0.468937079;267476;96369953.71;44340
48.75;96984681.96;22784852.93;25909313.82;1376;0.234932491;0.467917503;268175;96984880.81;44432
49;97686006.52;22937778.64;25935905.67;1377;0.234811305;0.469327798;268516;97691967.75;44484
49.25;98332839.97;23085086.67;26155267.95;1378;0.234764771;0.468824541;269226;98332839.97;44529
49.5;99028105.14;23267330.27;26450862.98;1382;0.234956836;0.467984228;269486;99028325.16;44554
49.75;99606665.94;23416870.51;26644631.83;1384;0.235093408;0.467762041;269818;99607024.94;44588
50;100227466.3;23589221.28;26628217.75;1386;0.235356855;0.469741622;270893;100227526.9;44645
50.25;100806707.4;23723823.36;26613120.05;1390;0.235339731;0.471300436;271541;100806707.4;44728
50.5;101436319.8;23875991.06;26490018.02;1392;0.235379114;0.474049691;272224;101437809.7;44788
50.75;101961886.5;24023815.87;26623907.65;1394;0.235615647;0.474331603;272435;101962001.6;44810
51;102681264.9;23988685.85;26979153.22;1401;0.233622812;0.470663193;273006;102681265;44877
51.25;103269330.6;24120131.43;27186615.29;1405;0.233565293;0.470116173;273351;103269330.6;44911
51.5;103900321;24247912.22;27137679.67;1407;0.233376682;0.47188154;273705;103901635.4;44943
51.75;104559345.8;24426933.69;27336279.24;1414;0.233617889;0.471897556;274356;104559345.9;45020
52;105241962.5;24613974.88;27497796.5;1418;0.233879855;0.47233042;275380;105241962.9;45078
52.25;105912063;25002170.94;27771628.05;1435;0.236065376;0.47376106;278554;105917323.6;45252
52.5;106530794;24942816.79;27825611.45;1435;0.234137153;0.472684475;278845;106532271.7;45277
52.75;107180547.5;25106400.01;28128085.19;1436;0.234243998;0.4716191;279458;107186498.4;45331
53;107804339.9;25265535.35;28432401.39;1442;0.234364733;0.470512219;280657;107810340.9;45403
53.25;108391763;25415721.38;28358967.85;1446;0.234480192;0.472633533;281312;108391763;45428
53.5;108936878;25530650.84;28373716.87;1447;0.234361874;0.473628612;281682;108937744.7;45461
53.75;109624401.6;25708891.78;28633485.8;1453;0.234517967;0.473091037;282579;109625882.2;45532
54;110181719.4;25853268.44;28854620.05;1457;0.234642086;0.472569298;283106;110181719.4;45597
54.25;110816720.2;26010874.51;29156111.28;1462;0.234719765;0.471493487;283981;110822963.9;45659
54.5;111469748;26175021.92;29259506.6;1464;0.23481727;0.47217903;284535;111469748;45705
54.75;112004062.8;26308680.35;29358383.79;1466;0.234890411;0.47260765;284886;112010062;45737
55;112684500.5;26464596.57;29656840.68;1471;0.234855694;0.471559494;285184;112684758.2;45764
55.25;113374963.2;26646432.72;29772599.22;1473;0.235029251;0.472295107;285727;113375128.4;45783
55.5;113880978.3;26744695.6;29803487.06;1478;0.234847786;0.472954114;286281;113881209;45832
55.75;114534329.2;26892182.68;30048389.6;1483;0.234795828;0.472285079;286914;114540571.9;45878
56;115164182.8;27049009.97;30221944.31;1485;0.234873459;0.472298922;287284;115164999.9;45922
56.25;115822749;27178774.33;30375805.47;1488;0.234658343;0.472226093;287639;115823073.7;45976
56.5;116436410.9;27309952.04;30512969.27;1491;0.234548213;0.472303222;288332;116436876.7;46057
56.75;117145069;27523348.71;30643383.48;1493;0.23495098;0.473180247;288829;117145069.3;46108
57;117769614.9;27635917.67;30556486.64;1498;0.234660848;0.474905926;289502;117769614.9;46169
57.25;118417387.7;27775082.01;30655430.34;1503;0.234552396;0.475352361;289892;118417387.7;46201
57.5;119080049.4;27919786.11;30769071.7;1508;0.234462332;0.475725498;290727;119080339;46233
57.75;119686057.4;28059835.54;30904871.62;1511;0.234445316;0.475875094;291137;119686153.2;46250
58;120341328.8;28170774.26;31291835.94;1515;0.234090603;0.473756099;291384;120348011.1;46266
58.25;120998692.4;28340709.08;31049826.03;1517;0.234223267;0.477192351;291696;121000761.8;46290
58.5;121645141.8;28513417.53;31174198.83;1518;0.234398325;0.477710776;292082;121646210.9;46327
58.75;122195189.4;28640066.32;31398282.27;1520;0.234379655;0.477029548;292374;122195189.4;46336
59;122773722.7;28801587.13;31443967.75;1526;0.234590811;0.478069912;292734;122773722.7;46367
59.25;123339491.8;28920633.83;31480533.1;1528;0.234479917;0.47880919;293087;123339504;46398
59.5;123903646.7;29514016.11;32023221.54;1531;0.238201352;0.4796123;293546;123903646.7;46420
59.75;124569195.4;29683189.48;32084111.4;1535;0.238286756;0.480564782;293873;124571428.3;46436
60;125155412.1;29369462.72;31885605.64;1538;0.234663945;0.479461757;294259;125155412.1;46472
60.25;125710269.2;29943154.98;32214134.59;1540;0.238191797;0.481731993;294716;125711025.4;46510
60.5;126340316;30112913.43;32185201.21;1544;0.238347619;0.483367974;295153;126340332.5;46548
60.75;126892554;30210792.44;32313886.28;1547;0.23808168;0.48318189;295516;126892554;46587
61;127441142.9;30359409.8;32551847.27;1548;0.238222988;0.482575158;295756;127441143.1;46611
61.25;128027210.7;30510756.48;32619551.62;1548;0.238314623;0.483298077;296116;128027435.6;46628
61.5;128566903.3;30792287.2;31084885.32;1550;0.239503997;0.497635654;296485;128566903.3;46647
61.75;129208516.8;30677978.99;30997605.82;1556;0.237430007;0.497408806;296839;129208516.8;46691
62;129826006.6;30835852.38;31119968.83;1559;0.237516759;0.497707104;297268;129833044.5;46723
62.25;130310342.6;30929347.21;31279664.42;1560;0.237351438;0.497184353;297563;130311000.4;46747
62.5;130874795.7;31081465.18;30880915.39;1561;0.237490076;0.501618319;298249;130874795.7;46813
62.75;131471178.3;31248653.12;31312123.73;1561;0.237684438;0.499492728;298836;131471305.6;46833
63;132036999.7;31374426.16;31279513.62;1561;0.237618442;0.500757435;299133;132037114.3;46854
63.25;132611684;31532377.89;31474945.09;1563;0.237779786;0.500455763;299540;132611684.2;46889
63.5;133175298.8;31676198.29;31476167.08;1565;0.237853405;0.501583719;299977;133175298.9;46955
63.75;133726417.6;31792855.31;31737675.84;1565;0.23774551;0.500434275;300335;133726596.5;46979
64;134278667;31941961.39;31752574.63;1565;0.237878154;0.50148668;300683;134278667;47008
64.25;134802201;32062427.73;31800921.38;1568;0.237847954;0.50204739;300945;134808256.5;47041
64.5;135344838.3;32184543.51;31810897.7;1572;0.237796608;0.502919316;301620;135344838.3;47079
64.75;135848964.7;32331596.27;32044010.43;1577;0.237996634;0.502233655;301893;135850468.4;47106
65;136251702.3;32430955.6;32169554.38;1580;0.238022388;0.502023213;302061;136261106.9;47115
65.25;136600568.5;32485853.41;32163909.73;1580;0.237816385;0.502489906;302197;136601001.4;47127
65.5;136821258.9;32558831.61;32066350.97;1580;0.237966175;0.503810284;302390;136822077.6;47142
65.75;136890592.3;32579254.01;32085039.39;1580;0.237994836;0.503821387;302475;136890592.3;47159
66;136953830.3;32595328.45;32061866.34;1582;0.238002313;0.504125311;302488;136953830.3;47159
66.25;137011466.4;32610073.03;32102933.44;1582;0.23800981;0.503918375;302489;137011466.4;47159
66.5;137105274.7;32638038.71;32561794.12;1583;0.238050934;0.500584699;302590;137105274.7;47168
66.75;137319066.6;32696495.28;32650571.86;1586;0.238106012;0.500351381;302813;137319066.6;47178
67;137834056.8;32838731.58;32787575.9;1587;0.238248313;0.50038975;303076;137834056.8;47195
67.25;138387885.8;32986598.18;32999389.59;1587;0.238363337;0.499903075;303670;138387886.5;47240
67.5;138914126.7;33131733.67;32543437.26;1588;0.238505143;0.504478834;304123;138914127;47298
67.75;139559085.8;33579683.24;32785262.5;1593;0.240612663;0.505985244;304581;139559086.1;47351
68;140076557.9;33712395.82;32803219.5;1594;0.240671218;0.506834307;304947;140076557.9;47406
68.25;140689213;34037630.1;32772391.15;1596;0.241934896;0.509468931;305384;140689213.2;47431
68.5;141353515.3;34205177.94;32848930.04;1597;0.241983214;0.510113086;306122;141353516.8;47476
68.75;141826964;34320456.03;32957109.31;1600;0.24198823;0.510132254;306505;141826964;47517
69;142349376.5;34479387.77;33151978.68;1602;0.242216641;0.509813561;306760;142349376.5;47557
69.25;142851254.9;34759439.85;33156810.74;1604;0.243326108;0.511798569;307055;142851254.9;47569
69.5;143340722.5;34863850.55;33660760.26;1604;0.243223628;0.508778527;307153;143352912.1;47579
69.75;143800432.6;34953950.32;33785429.73;1606;0.243072637;0.508499644;307344;143800497.6;47593
70;144309179.3;34556096.3;33745887.92;1606;0.239458754;0.505931075;307486;144310544.4;47609
70.25;144817522.8;34663134.92;33676383.26;1608;0.239357325;0.507219481;307623;144817915;47624
70.5;145436050;34809158.03;33819584.85;1611;0.239343396;0.507209612;308023;145436087.6;47669
70.75;146035708.6;34955238.61;33952459.65;1614;0.2393609;0.507276248;308415;146047898.3;47709
71;146634047;35644352.01;34424167.23;1616;0.243083736;0.508707083;308969;146634047;47742
71.25;147171034.9;35797426.48;34576605.62;1618;0.243236901;0.508673802;309419;147171034.9;47787
71.5;147791162.9;35959044.22;34667966.18;1620;0.24330984;0.509140115;309962;147797545.3;47819
71.75;148397794.1;36121226.58;34775018.04;1622;0.24340811;0.509494216;310153;148397794.1;47837
72;148926989;36229383.46;34933701.59;1624;0.243269428;0.50910361;310504;148927016.2;47872
72.25;149497932.1;36356605.66;35011690.2;1625;0.243191362;0.509422359;310629;149497932.4;47877
72.5;150056788.7;36518797.83;35130136.92;1627;0.243366516;0.50969073;310897;150056788.7;47901
72.75;150678475.2;36666724.19;35218887.37;1628;0.243344141;0.510070422;311122;150678479.7;47927
73;151270304.4;36808264.45;34853333.95;1632;0.243327761;0.513640015;311383;151270304.4;47951
73.25;151784937;36908194.39;34953181.6;1634;0.243161114;0.513602667;311693;151791108.3;47973
73.5;152386919.7;37048389.83;35351741.78;1635;0.243120538;0.511717161;312109;152386946.7;48002
73.75;152922754.3;37191468.01;35172381.76;1635;0.243204278;0.513950932;312491;152922754.3;48016
74;153476705.5;37306607.95;35375266.96;1638;0.24307668;0.513286263;312687;153478453.3;48028
74.25;154045406.9;37431035.59;35514094.88;1640;0.242987028;0.513139607;313095;154045406.9;48047
74.5;154613417.9;37600670.15;35666736.51;1644;0.243191507;0.513197776;313823;154613439.4;48099
74.75;155120940.1;37732223.11;36116853.28;1645;0.243243904;0.510936967;314312;155120940.3;48130
75;155594178.2;37861215.44;36536232.26;1647;0.243333111;0.508904762;314757;155594178.2;48158
75.25;156127893.9;38029283.24;36677435.86;1649;0.243577764;0.509047696;315128;156127910.8;48196
75.5;156720683.5;38170934.34;36841370.44;1650;0.243560285;0.508862305;315463;156720685;48214
75.75;157251185.1;38285127.93;37006122.6;1665;0.243464797;0.508493718;316200;157251229.2;48254
76;157755183;38057243.71;37126729.14;1666;0.24124243;0.506188251;316384;157755186.1;48270
76.25;158361614.9;38254853.04;37370478.23;1669;0.24156645;0.505847081;317374;158365037.7;48315
76.5;158930734.4;37831156.94;37360800.87;1671;0.238035501;0.503127702;317650;158930734.4;48322
76.75;159480422.9;38545919.63;37880488.16;1671;0.241696874;0.504353413;317897;159481546.6;48355
77;160172558.9;38750007.21;38424905.48;1679;0.241926629;0.502106266;319695;160172558.9;48433
77.25;160729854.3;38885019.42;38494344.42;1680;0.241927796;0.502524413;320146;160729854.3;48468
77.5;161215919.8;39000667.09;38483462.03;1682;0.241915731;0.50333749;320262;161215919.8;48480
77.75;161781047;38886456.22;38204275.04;1682;0.240364721;0.504424534;320567;161781164.9;48497
78;162405687.8;39042036.06;38342002.18;1682;0.240398206;0.504523115;320719;162406015;48511
78.25;162969014.1;39216243.84;38748288.63;1682;0.240636197;0.503001078;320895;162975111;48522
78.5;163465127.2;38987098.82;38682964.71;1683;0.238504074;0.501957859;321252;163466640.7;48557
78.75;164081743.6;39496715.73;38907769.47;1683;0.240713652;0.50375582;321437;164081743.6;48576
79;164597285;39634108.38;39066040.9;1686;0.240794424;0.503609062;321693;164597286.7;48604
79.25;165196317.8;39772370.52;39109590.63;1688;0.240758214;0.504201087;321970;165196547.8;48625
79.5;165701901.7;39928985.21;39326447.44;1690;0.240968781;0.50380124;322240;165706884.3;48637
79.75;166229136.6;40085132.72;39410655;1691;0.241143842;0.504242223;322520;166229136.8;48649
80;166824035.8;40261268.87;39502770.15;1693;0.241339737;0.504754641;322879;166824035.8;48691
80.25;167397050;40049751.03;39558719.21;1696;0.239250041;0.503084043;323222;167404716;48707
80.5;167965652.1;40180062.58;39665444.56;1696;0.239215947;0.503222586;323424;167973259.5;48723
80.75;168458192.9;40289805.84;39722611.31;1696;0.239167981;0.503544416;323598;168458192.9;48765
81;168976967.3;40430756.42;39972630.69;1697;0.239267854;0.502848921;323935;168976967.3;48804
81.25;169468776.3;41147424.08;40601613.22;1697;0.242802391;0.503338332;324141;169468776.3;48823
81.5;170097544.8;40693004.76;40565213.64;1699;0.239233346;0.500786327;324772;170097544.8;48858
81.75;170573151.7;40785718.05;40655900.67;1702;0.239109834;0.500796997;325549;170573155;48895
82;171142915.6;40941937.35;40906091.6;1703;0.239226597;0.500218977;325772;171142975.6;48922
82.25;171720447.6;41102956.21;41181280.89;1706;0.239359708;0.49952406;325966;171720447.7;48934
82.5;172295818.9;41260766.01;41498881.74;1707;0.239476305;0.498561402;326160;172295818.9;48948
82.75;172857983.2;41394971.03;41683717.57;1709;0.239473875;0.498262211;326648;172859496.5;48966
83;173433382.4;41500883.06;42065684.55;1710;0.239290052;0.496620649;326821;173434896.1;48997
83.25;173980984.8;41661042.23;42127685.81;1710;0.239457446;0.497215356;327273;173981298.5;49016
83.5;174559789.5;41807256.42;42281378.1;1710;0.23950107;0.497180822;327396;174561302.7;49027
83.75;175073774.9;41944614.65;42454441.53;1714;0.239582511;0.496979665;327618;175073774.9;49038
84;175648212.2;42119579.04;42560074.41;1714;0.239795091;0.497399048;327795;175648601.3;49040
84.25;176151744.8;42251366.32;42668628.83;1715;0.239857779;0.497543202;328046;176151744.8;49056
84.5;176656680.5;42382924.45;42706596.23;1721;0.239916907;0.498098051;328271;176657056.6;49073
84.75;177236437.5;42912155.82;42960162.47;1722;0.242118136;0.499720477;328402;177236813.9;49088
85;177695161;43029148.75;43096964.91;1722;0.242151494;0.499606297;328700;177695533.3;49115
85.25;178270155.8;43151657.03;43213798.84;1727;0.242057662;0.499640239;328979;178270155.8;49133
85.5;178771525;43279433.59;43251012.37;1728;0.242093553;0.500164227;329456;178771525;49148
85.75;179300153.4;43425436.83;43783609.46;1732;0.242194086;0.497946471;329958;179300272.1;49196
86;179841641.5;43572491.06;44013325.72;1736;0.242282548;0.497483413;330587;179841720.3;49216
86.25;180421213.7;43707234.61;44159577.96;1737;0.242251084;0.497425972;331189;180421213.7;49227
86.5;180959624.7;43871994.59;44286296.15;1737;0.242440791;0.49765024;331360;180967633.9;49246
86.75;181448168.3;43976313.7;44377396.7;1737;0.242362952;0.497730242;331526;181448168.3;49257
87;181976065.3;44063495.58;44418269.68;1737;0.242138962;0.497995213;331687;181976065.3;49265
87.25;182512042.6;44209067.2;44559207.75;1739;0.24222548;0.498027783;331974;182512042.6;49302
87.5;183156974.9;44419343.12;44639653.39;1740;0.24252062;0.498763122;332448;183159627.4;49344
87.75;183716704;44543292.74;45619002.85;1740;0.242456411;0.49403459;332571;183716704;49359
88;184227024;44686785.39;45702981.12;1742;0.242563683;0.494378812;332981;184227051.3;49384
88.25;184793264.3;44840222.45;45731081.53;1744;0.242650741;0.495082001;333278;184793291.9;49395
88.5;185461687;44964296.41;45839794.31;1744;0.242445203;0.495179194;333469;185461687;49402
88.75;186004444.6;45099100.93;45931801.23;1745;0.242462491;0.495426277;333726;186004744.3;49409
89;186571740.3;45213388.34;45968824.82;1746;0.242337817;0.495857545;333880;186571740.3;49426
89.25;187089029.4;45336273.67;45996259.32;1746;0.242324597;0.496386908;334142;187090542.7;49441
89.5;187658064.2;45509079.9;46127971.25;1750;0.242510654;0.496623138;334636;187658182.1;49460
89.75;188234145.8;45687427.15;46282716.49;1755;0.242715937;0.496763682;334805;188234145.8;49488
90;188737695.2;45810307.96;47065966.54;1757;0.242719441;0.493240154;335162;188737813.3;49513
90.25;189333806.7;45991220.86;47276235.01;1759;0.24291077;0.493111133;335577;189333823.6;49530
90.5;189860433.2;46099366.09;47317736.32;1759;0.242806599;0.49347887;335862;189860433.2;49550
90.75;190430669.5;46261828.97;47702789.78;1761;0.242932659;0.492332429;335991;190430669.5;49553
91;190982614;46387809.6;47906350.58;1763;0.242890222;0.491947852;336247;190982633.7;49570
91.25;191504273.3;46529019.88;47890635.45;1764;0.242965961;0.492789554;336436;191504273.3;49580
91.5;192034210.3;46626883.53;48406609.26;1764;0.242805089;0.490636324;336630;192034210.3;49602
91.75;192557569.3;46772327.59;48467117.7;1764;0.242900488;0.491102478;336708;192563663.5;49614
92;193176243.7;46907964.66;48570757.92;1767;0.242824706;0.491292336;337026;193176268.7;49634
92.25;193771463.9;47045088.43;48666232.61;1768;0.242786463;0.491531074;337964;193772234.7;49676
92.5;194371259.6;47230120.5;49023902.59;1771;0.242989219;0.490682041;338179;194373577.5;49704
92.75;194914641.6;47341098.13;49443065.96;1773;0.24288118;0.489140952;338254;194918354.7;49709
93;195437594.9;47499285.45;49502411.83;1773;0.243040677;0.489674787;338741;195439108.5;49725
93.25;195893221.3;47607315.82;49930250.93;1776;0.243026867;0.4880921;339190;195893221.3;49740
93.5;196368899.8;47721641.62;50096120.95;1779;0.243020365;0.487862739;339504;196368917.9;49764
93.75;196793102.7;47804209.85;50468365.41;1780;0.242916084;0.486445071;339847;196793102.7;49774
94;197247198.1;47935560.92;50524429.38;1780;0.243022772;0.486853196;340058;197247198.1;49798
94.25;197776721.1;48075816.64;50668556.84;1780;0.243081271;0.486871453;340425;197777018.7;49820
94.5;198423931.6;48221292.66;50834248.73;1780;0.243021556;0.486810652;340788;198423931.6;49845
94.75;198926062.3;48360472.95;51005117.31;1780;0.243107778;0.486692353;340992;198926092;49863
95;199464518.2;48486609.2;51163332.95;1781;0.243083881;0.486569366;341101;199464839.4;49877
95.25;199971070.6;48616265.38;51217031.9;1782;0.243116493;0.486974453;341300;199971070.6;49897
95.5;200558387.1;48758482.02;51381362.11;1786;0.243113652;0.486903914;342462;200558387.2;50039
95.75;201075383.4;48881597.26;51588052.67;1786;0.243100853;0.48653098;342656;201075384.9;50040
96;201567926.5;48987095.28;51709612.62;1787;0.243030209;0.486481597;342813;201567943.8;50051
96.25;202161182.2;49111471.3;51746253.23;1787;0.242932252;0.486938125;343032;202161182.2;50069
96.5;202711863;49234447.42;51857336.74;1788;0.242878965;0.487027188;343121;202711863;50078
96.75;203247560.9;49395413.74;51848406.16;1792;0.243030782;0.487885718;343636;203247560.9;50098
97;203774776.8;49505236.23;51810770.41;1792;0.242940942;0.488622063;343886;203775405.2;50106
97.25;204263165.4;49588638.89;51921120.94;1792;0.242768386;0.488511045;344039;204263165.4;50109
97.5;204762322.7;49716390.43;52024239.26;1794;0.242800481;0.488658175;344227;204762322.7;50112
97.75;205312358.4;49845121.8;52172511.18;1796;0.242777016;0.4885932;344444;205312358.4;50125
98;205808314.2;49970838.98;52605248.55;1796;0.24280282;0.487158754;344557;205808362.6;50131
98.25;206350290.8;50081475.4;52779689.64;1797;0.242701259;0.486884194;344896;206350290.8;50159
98.5;207008095.9;50238049.01;52952688.13;1798;0.242686397;0.486846498;345127;207014190.8;50179
98.75;207545463.5;50397379.06;53139795.12;1798;0.242825732;0.48675637;345469;207545463.5;50196
99;208090360.8;50521566.07;53290341.55;1798;0.242786671;0.486664461;345634;208090360.8;50209
99.25;208615081.5;50653956.39;53333353.15;1799;0.242810616;0.487116713;345890;208615081.5;50223
99.5;209199829.5;50833416.06;53461159.46;1799;0.242989759;0.487402301;346280;209199829.5;50266
99.75;209691435;50926990.44;53681468.01;1800;0.242866336;0.486834346;346431;209691493.5;50290
100;210282582;51073822.81;53799362.14;1802;0.242881851;0.487005547;346574;210282582.1;50304
